[{"model": "admin.logentry", "pk": 1, "fields": {"action_time": "2022-02-21T15:54:19.158Z", "user": 1, "content_type": 14, "object_id": "faq", "object_repr": "Page object (faq)", "action_flag": 2, "change_message": "[{\"changed\": {\"fields\": [\"Content\"]}}]"}}, {"model": "admin.logentry", "pk": 2, "fields": {"action_time": "2023-09-06T07:38:47.344Z", "user": 1, "content_type": 10, "object_id": "1", "object_repr": "Google", "action_flag": 1, "change_message": "[{\"added\": {}}]"}}, {"model": "admin.logentry", "pk": 3, "fields": {"action_time": "2023-09-06T07:47:55.174Z", "user": 1, "content_type": 10, "object_id": "1", "object_repr": "Google", "action_flag": 2, "change_message": "[{\"changed\": {\"fields\": [\"Sites\"]}}]"}}, {"model": "auth.permission", "pk": 1, "fields": {"name": "Can add log entry", "content_type": 1, "codename": "add_logentry"}}, {"model": "auth.permission", "pk": 2, "fields": {"name": "Can change log entry", "content_type": 1, "codename": "change_logentry"}}, {"model": "auth.permission", "pk": 3, "fields": {"name": "Can delete log entry", "content_type": 1, "codename": "delete_logentry"}}, {"model": "auth.permission", "pk": 4, "fields": {"name": "Can view log entry", "content_type": 1, "codename": "view_logentry"}}, {"model": "auth.permission", "pk": 5, "fields": {"name": "Can add permission", "content_type": 2, "codename": "add_permission"}}, {"model": "auth.permission", "pk": 6, "fields": {"name": "Can change permission", "content_type": 2, "codename": "change_permission"}}, {"model": "auth.permission", "pk": 7, "fields": {"name": "Can delete permission", "content_type": 2, "codename": "delete_permission"}}, {"model": "auth.permission", "pk": 8, "fields": {"name": "Can view permission", "content_type": 2, "codename": "view_permission"}}, {"model": "auth.permission", "pk": 9, "fields": {"name": "Can add group", "content_type": 3, "codename": "add_group"}}, {"model": "auth.permission", "pk": 10, "fields": {"name": "Can change group", "content_type": 3, "codename": "change_group"}}, {"model": "auth.permission", "pk": 11, "fields": {"name": "Can delete group", "content_type": 3, "codename": "delete_group"}}, {"model": "auth.permission", "pk": 12, "fields": {"name": "Can view group", "content_type": 3, "codename": "view_group"}}, {"model": "auth.permission", "pk": 13, "fields": {"name": "Can add content type", "content_type": 4, "codename": "add_contenttype"}}, {"model": "auth.permission", "pk": 14, "fields": {"name": "Can change content type", "content_type": 4, "codename": "change_contenttype"}}, {"model": "auth.permission", "pk": 15, "fields": {"name": "Can delete content type", "content_type": 4, "codename": "delete_contenttype"}}, {"model": "auth.permission", "pk": 16, "fields": {"name": "Can view content type", "content_type": 4, "codename": "view_contenttype"}}, {"model": "auth.permission", "pk": 17, "fields": {"name": "Can add session", "content_type": 5, "codename": "add_session"}}, {"model": "auth.permission", "pk": 18, "fields": {"name": "Can change session", "content_type": 5, "codename": "change_session"}}, {"model": "auth.permission", "pk": 19, "fields": {"name": "Can delete session", "content_type": 5, "codename": "delete_session"}}, {"model": "auth.permission", "pk": 20, "fields": {"name": "Can view session", "content_type": 5, "codename": "view_session"}}, {"model": "auth.permission", "pk": 21, "fields": {"name": "Can add site", "content_type": 6, "codename": "add_site"}}, {"model": "auth.permission", "pk": 22, "fields": {"name": "Can change site", "content_type": 6, "codename": "change_site"}}, {"model": "auth.permission", "pk": 23, "fields": {"name": "Can delete site", "content_type": 6, "codename": "delete_site"}}, {"model": "auth.permission", "pk": 24, "fields": {"name": "Can view site", "content_type": 6, "codename": "view_site"}}, {"model": "auth.permission", "pk": 25, "fields": {"name": "Can add email address", "content_type": 7, "codename": "add_emailaddress"}}, {"model": "auth.permission", "pk": 26, "fields": {"name": "Can change email address", "content_type": 7, "codename": "change_emailaddress"}}, {"model": "auth.permission", "pk": 27, "fields": {"name": "Can delete email address", "content_type": 7, "codename": "delete_emailaddress"}}, {"model": "auth.permission", "pk": 28, "fields": {"name": "Can view email address", "content_type": 7, "codename": "view_emailaddress"}}, {"model": "auth.permission", "pk": 29, "fields": {"name": "Can add email confirmation", "content_type": 8, "codename": "add_emailconfirmation"}}, {"model": "auth.permission", "pk": 30, "fields": {"name": "Can change email confirmation", "content_type": 8, "codename": "change_emailconfirmation"}}, {"model": "auth.permission", "pk": 31, "fields": {"name": "Can delete email confirmation", "content_type": 8, "codename": "delete_emailconfirmation"}}, {"model": "auth.permission", "pk": 32, "fields": {"name": "Can view email confirmation", "content_type": 8, "codename": "view_emailconfirmation"}}, {"model": "auth.permission", "pk": 33, "fields": {"name": "Can add user", "content_type": 9, "codename": "add_customuser"}}, {"model": "auth.permission", "pk": 34, "fields": {"name": "Can change user", "content_type": 9, "codename": "change_customuser"}}, {"model": "auth.permission", "pk": 35, "fields": {"name": "Can delete user", "content_type": 9, "codename": "delete_customuser"}}, {"model": "auth.permission", "pk": 36, "fields": {"name": "Can view user", "content_type": 9, "codename": "view_customuser"}}, {"model": "auth.permission", "pk": 37, "fields": {"name": "Can add contact", "content_type": 10, "codename": "add_contact"}}, {"model": "auth.permission", "pk": 38, "fields": {"name": "Can change contact", "content_type": 10, "codename": "change_contact"}}, {"model": "auth.permission", "pk": 39, "fields": {"name": "Can delete contact", "content_type": 10, "codename": "delete_contact"}}, {"model": "auth.permission", "pk": 40, "fields": {"name": "Can view contact", "content_type": 10, "codename": "view_contact"}}, {"model": "auth.permission", "pk": 41, "fields": {"name": "Can add need", "content_type": 11, "codename": "add_need"}}, {"model": "auth.permission", "pk": 42, "fields": {"name": "Can change need", "content_type": 11, "codename": "change_need"}}, {"model": "auth.permission", "pk": 43, "fields": {"name": "Can delete need", "content_type": 11, "codename": "delete_need"}}, {"model": "auth.permission", "pk": 44, "fields": {"name": "Can view need", "content_type": 11, "codename": "view_need"}}, {"model": "auth.permission", "pk": 45, "fields": {"name": "Can add offer", "content_type": 12, "codename": "add_offer"}}, {"model": "auth.permission", "pk": 46, "fields": {"name": "Can change offer", "content_type": 12, "codename": "change_offer"}}, {"model": "auth.permission", "pk": 47, "fields": {"name": "Can delete offer", "content_type": 12, "codename": "delete_offer"}}, {"model": "auth.permission", "pk": 48, "fields": {"name": "Can view offer", "content_type": 12, "codename": "view_offer"}}, {"model": "auth.permission", "pk": 49, "fields": {"name": "Can add organization scope", "content_type": 13, "codename": "add_organizationscope"}}, {"model": "auth.permission", "pk": 50, "fields": {"name": "Can change organization scope", "content_type": 13, "codename": "change_organizationscope"}}, {"model": "auth.permission", "pk": 51, "fields": {"name": "Can delete organization scope", "content_type": 13, "codename": "delete_organizationscope"}}, {"model": "auth.permission", "pk": 52, "fields": {"name": "Can view organization scope", "content_type": 13, "codename": "view_organizationscope"}}, {"model": "auth.permission", "pk": 53, "fields": {"name": "Can add page", "content_type": 14, "codename": "add_page"}}, {"model": "auth.permission", "pk": 54, "fields": {"name": "Can change page", "content_type": 14, "codename": "change_page"}}, {"model": "auth.permission", "pk": 55, "fields": {"name": "Can delete page", "content_type": 14, "codename": "delete_page"}}, {"model": "auth.permission", "pk": 56, "fields": {"name": "Can view page", "content_type": 14, "codename": "view_page"}}, {"model": "auth.permission", "pk": 57, "fields": {"name": "Can add resource option", "content_type": 15, "codename": "add_resourceoption"}}, {"model": "auth.permission", "pk": 58, "fields": {"name": "Can change resource option", "content_type": 15, "codename": "change_resourceoption"}}, {"model": "auth.permission", "pk": 59, "fields": {"name": "Can delete resource option", "content_type": 15, "codename": "delete_resourceoption"}}, {"model": "auth.permission", "pk": 60, "fields": {"name": "Can view resource option", "content_type": 15, "codename": "view_resourceoption"}}, {"model": "auth.permission", "pk": 61, "fields": {"name": "Can add organization", "content_type": 16, "codename": "add_organization"}}, {"model": "auth.permission", "pk": 62, "fields": {"name": "Can change organization", "content_type": 16, "codename": "change_organization"}}, {"model": "auth.permission", "pk": 63, "fields": {"name": "Can delete organization", "content_type": 16, "codename": "delete_organization"}}, {"model": "auth.permission", "pk": 64, "fields": {"name": "Can view organization", "content_type": 16, "codename": "view_organization"}}, {"model": "auth.permission", "pk": 65, "fields": {"name": "Can add offer image", "content_type": 17, "codename": "add_offerimage"}}, {"model": "auth.permission", "pk": 66, "fields": {"name": "Can change offer image", "content_type": 17, "codename": "change_offerimage"}}, {"model": "auth.permission", "pk": 67, "fields": {"name": "Can delete offer image", "content_type": 17, "codename": "delete_offerimage"}}, {"model": "auth.permission", "pk": 68, "fields": {"name": "Can view offer image", "content_type": 17, "codename": "view_offerimage"}}, {"model": "auth.permission", "pk": 69, "fields": {"name": "Can add need image", "content_type": 18, "codename": "add_needimage"}}, {"model": "auth.permission", "pk": 70, "fields": {"name": "Can change need image", "content_type": 18, "codename": "change_needimage"}}, {"model": "auth.permission", "pk": 71, "fields": {"name": "Can delete need image", "content_type": 18, "codename": "delete_needimage"}}, {"model": "auth.permission", "pk": 72, "fields": {"name": "Can view need image", "content_type": 18, "codename": "view_needimage"}}, {"model": "auth.permission", "pk": 73, "fields": {"name": "Can add agreement", "content_type": 19, "codename": "add_agreement"}}, {"model": "auth.permission", "pk": 74, "fields": {"name": "Can change agreement", "content_type": 19, "codename": "change_agreement"}}, {"model": "auth.permission", "pk": 75, "fields": {"name": "Can delete agreement", "content_type": 19, "codename": "delete_agreement"}}, {"model": "auth.permission", "pk": 76, "fields": {"name": "Can view agreement", "content_type": 19, "codename": "view_agreement"}}, {"model": "auth.permission", "pk": 77, "fields": {"name": "Can add page", "content_type": 20, "codename": "add_page"}}, {"model": "auth.permission", "pk": 78, "fields": {"name": "Can change page", "content_type": 20, "codename": "change_page"}}, {"model": "auth.permission", "pk": 79, "fields": {"name": "Can delete page", "content_type": 20, "codename": "delete_page"}}, {"model": "auth.permission", "pk": 80, "fields": {"name": "Can view page", "content_type": 20, "codename": "view_page"}}, {"model": "auth.permission", "pk": 81, "fields": {"name": "Can add resource option", "content_type": 21, "codename": "add_resourceoption"}}, {"model": "auth.permission", "pk": 82, "fields": {"name": "Can change resource option", "content_type": 21, "codename": "change_resourceoption"}}, {"model": "auth.permission", "pk": 83, "fields": {"name": "Can delete resource option", "content_type": 21, "codename": "delete_resourceoption"}}, {"model": "auth.permission", "pk": 84, "fields": {"name": "Can view resource option", "content_type": 21, "codename": "view_resourceoption"}}, {"model": "auth.permission", "pk": 85, "fields": {"name": "Can add organization", "content_type": 22, "codename": "add_organization"}}, {"model": "auth.permission", "pk": 86, "fields": {"name": "Can change organization", "content_type": 22, "codename": "change_organization"}}, {"model": "auth.permission", "pk": 87, "fields": {"name": "Can delete organization", "content_type": 22, "codename": "delete_organization"}}, {"model": "auth.permission", "pk": 88, "fields": {"name": "Can view organization", "content_type": 22, "codename": "view_organization"}}, {"model": "auth.permission", "pk": 89, "fields": {"name": "Can add offer image", "content_type": 23, "codename": "add_offerimage"}}, {"model": "auth.permission", "pk": 90, "fields": {"name": "Can change offer image", "content_type": 23, "codename": "change_offerimage"}}, {"model": "auth.permission", "pk": 91, "fields": {"name": "Can delete offer image", "content_type": 23, "codename": "delete_offerimage"}}, {"model": "auth.permission", "pk": 92, "fields": {"name": "Can view offer image", "content_type": 23, "codename": "view_offerimage"}}, {"model": "auth.permission", "pk": 93, "fields": {"name": "Can add need image", "content_type": 24, "codename": "add_needimage"}}, {"model": "auth.permission", "pk": 94, "fields": {"name": "Can change need image", "content_type": 24, "codename": "change_needimage"}}, {"model": "auth.permission", "pk": 95, "fields": {"name": "Can delete need image", "content_type": 24, "codename": "delete_needimage"}}, {"model": "auth.permission", "pk": 96, "fields": {"name": "Can view need image", "content_type": 24, "codename": "view_needimage"}}, {"model": "auth.permission", "pk": 97, "fields": {"name": "Can add agreement", "content_type": 25, "codename": "add_agreement"}}, {"model": "auth.permission", "pk": 98, "fields": {"name": "Can change agreement", "content_type": 25, "codename": "change_agreement"}}, {"model": "auth.permission", "pk": 99, "fields": {"name": "Can delete agreement", "content_type": 25, "codename": "delete_agreement"}}, {"model": "auth.permission", "pk": 100, "fields": {"name": "Can view agreement", "content_type": 25, "codename": "view_agreement"}}, {"model": "auth.permission", "pk": 101, "fields": {"name": "Can add social media", "content_type": 26, "codename": "add_socialmedia"}}, {"model": "auth.permission", "pk": 102, "fields": {"name": "Can change social media", "content_type": 26, "codename": "change_socialmedia"}}, {"model": "auth.permission", "pk": 103, "fields": {"name": "Can delete social media", "content_type": 26, "codename": "delete_socialmedia"}}, {"model": "auth.permission", "pk": 104, "fields": {"name": "Can view social media", "content_type": 26, "codename": "view_socialmedia"}}, {"model": "auth.permission", "pk": 105, "fields": {"name": "Can add social account", "content_type": 9, "codename": "add_socialaccount"}}, {"model": "auth.permission", "pk": 106, "fields": {"name": "Can change social account", "content_type": 9, "codename": "change_socialaccount"}}, {"model": "auth.permission", "pk": 107, "fields": {"name": "Can delete social account", "content_type": 9, "codename": "delete_socialaccount"}}, {"model": "auth.permission", "pk": 108, "fields": {"name": "Can view social account", "content_type": 9, "codename": "view_socialaccount"}}, {"model": "auth.permission", "pk": 109, "fields": {"name": "Can add social application", "content_type": 10, "codename": "add_socialapp"}}, {"model": "auth.permission", "pk": 110, "fields": {"name": "Can change social application", "content_type": 10, "codename": "change_socialapp"}}, {"model": "auth.permission", "pk": 111, "fields": {"name": "Can delete social application", "content_type": 10, "codename": "delete_socialapp"}}, {"model": "auth.permission", "pk": 112, "fields": {"name": "Can view social application", "content_type": 10, "codename": "view_socialapp"}}, {"model": "auth.permission", "pk": 113, "fields": {"name": "Can add social application token", "content_type": 11, "codename": "add_socialtoken"}}, {"model": "auth.permission", "pk": 114, "fields": {"name": "Can change social application token", "content_type": 11, "codename": "change_socialtoken"}}, {"model": "auth.permission", "pk": 115, "fields": {"name": "Can delete social application token", "content_type": 11, "codename": "delete_socialtoken"}}, {"model": "auth.permission", "pk": 116, "fields": {"name": "Can view social application token", "content_type": 11, "codename": "view_socialtoken"}}, {"model": "auth.permission", "pk": 117, "fields": {"name": "Can add access attempt", "content_type": 12, "codename": "add_accessattempt"}}, {"model": "auth.permission", "pk": 118, "fields": {"name": "Can change access attempt", "content_type": 12, "codename": "change_accessattempt"}}, {"model": "auth.permission", "pk": 119, "fields": {"name": "Can delete access attempt", "content_type": 12, "codename": "delete_accessattempt"}}, {"model": "auth.permission", "pk": 120, "fields": {"name": "Can view access attempt", "content_type": 12, "codename": "view_accessattempt"}}, {"model": "auth.permission", "pk": 121, "fields": {"name": "Can add access log", "content_type": 13, "codename": "add_accesslog"}}, {"model": "auth.permission", "pk": 122, "fields": {"name": "Can change access log", "content_type": 13, "codename": "change_accesslog"}}, {"model": "auth.permission", "pk": 123, "fields": {"name": "Can delete access log", "content_type": 13, "codename": "delete_accesslog"}}, {"model": "auth.permission", "pk": 124, "fields": {"name": "Can view access log", "content_type": 13, "codename": "view_accesslog"}}, {"model": "auth.permission", "pk": 125, "fields": {"name": "Can add access failure", "content_type": 14, "codename": "add_accessfailurelog"}}, {"model": "auth.permission", "pk": 126, "fields": {"name": "Can change access failure", "content_type": 14, "codename": "change_accessfailurelog"}}, {"model": "auth.permission", "pk": 127, "fields": {"name": "Can delete access failure", "content_type": 14, "codename": "delete_accessfailurelog"}}, {"model": "auth.permission", "pk": 128, "fields": {"name": "Can view access failure", "content_type": 14, "codename": "view_accessfailurelog"}}, {"model": "auth.permission", "pk": 129, "fields": {"name": "Can add user", "content_type": 15, "codename": "add_customuser"}}, {"model": "auth.permission", "pk": 130, "fields": {"name": "Can change user", "content_type": 15, "codename": "change_customuser"}}, {"model": "auth.permission", "pk": 131, "fields": {"name": "Can delete user", "content_type": 15, "codename": "delete_customuser"}}, {"model": "auth.permission", "pk": 132, "fields": {"name": "Can view user", "content_type": 15, "codename": "view_customuser"}}, {"model": "auth.permission", "pk": 133, "fields": {"name": "Can add contact", "content_type": 16, "codename": "add_contact"}}, {"model": "auth.permission", "pk": 134, "fields": {"name": "Can change contact", "content_type": 16, "codename": "change_contact"}}, {"model": "auth.permission", "pk": 135, "fields": {"name": "Can delete contact", "content_type": 16, "codename": "delete_contact"}}, {"model": "auth.permission", "pk": 136, "fields": {"name": "Can view contact", "content_type": 16, "codename": "view_contact"}}, {"model": "auth.permission", "pk": 137, "fields": {"name": "Can add need", "content_type": 17, "codename": "add_need"}}, {"model": "auth.permission", "pk": 138, "fields": {"name": "Can change need", "content_type": 17, "codename": "change_need"}}, {"model": "auth.permission", "pk": 139, "fields": {"name": "Can delete need", "content_type": 17, "codename": "delete_need"}}, {"model": "auth.permission", "pk": 140, "fields": {"name": "Can view need", "content_type": 17, "codename": "view_need"}}, {"model": "auth.permission", "pk": 141, "fields": {"name": "Can add offer", "content_type": 18, "codename": "add_offer"}}, {"model": "auth.permission", "pk": 142, "fields": {"name": "Can change offer", "content_type": 18, "codename": "change_offer"}}, {"model": "auth.permission", "pk": 143, "fields": {"name": "Can delete offer", "content_type": 18, "codename": "delete_offer"}}, {"model": "auth.permission", "pk": 144, "fields": {"name": "Can view offer", "content_type": 18, "codename": "view_offer"}}, {"model": "auth.permission", "pk": 145, "fields": {"name": "Can add organization scope", "content_type": 19, "codename": "add_organizationscope"}}, {"model": "auth.permission", "pk": 146, "fields": {"name": "Can change organization scope", "content_type": 19, "codename": "change_organizationscope"}}, {"model": "auth.permission", "pk": 147, "fields": {"name": "Can delete organization scope", "content_type": 19, "codename": "delete_organizationscope"}}, {"model": "auth.permission", "pk": 148, "fields": {"name": "Can view organization scope", "content_type": 19, "codename": "view_organizationscope"}}, {"model": "sessions.session", "pk": "2s9ziei06x7n07uv4rizdmlr502f4jh3", "fields": {"session_data": ".eJxVjU0OgyAQhe_CujEIKOCuXoQM4xBJDTaCSZumdy82Ltrl-_veiznYy-z2TJuLExuYZJdfzwPeKB0BLMthN4C47qk0384Z5-ZaFaUSEUpc03iu_lAz5LlyLJlgjEYSQXIFk_bSo0aLgXdCT51SIAQPYNsWSSrgfS16ENSjNa3gBzRTzvXG0eMetycb-PsD0CdDqg:1nMBCA:5oa21dwRIW28_gClCZDu3rSOWRf5jAUqoinr-CSgAmg", "expire_date": "2022-03-07T16:05:50.039Z"}}, {"model": "sessions.session", "pk": "by5zszlvqc4w9xkq6mmrxipz832s6oi7", "fields": {"session_data": ".eJxVjEEOwiAQRe_C2hA6LTDt0r1nIAOdWtSCKXRlvLs26UK3_73_XsLRVme3FV5dHMUgGnH63TyFO6cdjDdK1yxDTnWNXu6KPGiRlzzy43y4f4GZyvx9U4cdT5MFhTByAKWQNQbdE_gWVQDfkTZaG7DGWwSvqLGIOClgZcHu0cKlxJxcTLG6GhculZanE0Nj-rZH01ktG6Ntr9v3Byc_RVI:1qdnGV:DQ_OJ8rbAYyCINQ4vuHMFZKAZ7SqEOjFZUo26aljRzs", "expire_date": "2023-09-20T07:47:55.242Z"}}, {"model": "sessions.session", "pk": "i4e1vabhfq5752aon0b6592yywx91tyo", "fields": {"session_data": ".eJxVkEtuwzAMRO-idWvoY9lSdulFBIqkYCOBHZgymiDo3asE3mTJGc7jgE-VbiDyu26UNhau6cIPdVL5QSLTd8mU_ZgR2YH1I2MsLsZsXPA25BzUl0qw1yntwluaqSX7Ty0DXnh5GXC9vuQOENd9qd1757ClO7eJlzoj1Hldfo7UB2oCmRqnIDqOhfsC4LUNgAasNcxj9qSH6ICIe992IhvrmU2POZSoByJLzjXoUeHNPo4yJajqZEZtTPDRu85E7aIfWgVhkVYq8f02b-07-u8f2htn1g:1r80B7:Cobo_v9PM8Vwv5G0AQiqk43caKMtFM7Ju37FVJSwumw", "expire_date": "2023-12-12T15:39:13.217Z"}}, {"model": "sessions.session", "pk": "n5mhxxmfevlzxtdpo1a9dgi74u1fuqe0", "fields": {"session_data": ".eJxlj81OxDAMhN_F51WVPzfZ3uBFIm_iqBEhi5oUgRDvTnZVsUIc_Y09nvkCCuG61-7fecspc_T8SrnAUvdSTr_q3niDBRBO4Gnv6x34HP-zC4UXrjeBSrnh6fCY7juH3KanMXHtOVDP1_p8XP2xWqmtw0fNUWBSlM4aFSnBwdpwNi6hNCZGe4k6GSIXpUBnJZOOJBwi2cFmVPCoQY-noyl1WKQVUjp0ep6k0VrbkaBxayOT54-3vH3CIr5_AIn3Yw4:1r809E:FjzjW-cxomEmL7ja7CnQdHBab_tmqLBfD529MMRkl0c", "expire_date": "2023-12-12T15:37:16.174Z"}}, {"model": "sites.site", "pk": 1, "fields": {"domain": "example.com", "name": "example.com"}}, {"model": "account.emailaddress", "pk": 1, "fields": {"user": 2, "email": "test@example.com", "verified": true, "primary": true}}, {"model": "account.emailaddress", "pk": 2, "fields": {"user": 3, "email": "test2@example.com", "verified": true, "primary": true}}, {"model": "account.emailaddress", "pk": 3, "fields": {"user": 4, "email": "transversal@example.com", "verified": true, "primary": true}}, {"model": "account.emailaddress", "pk": 4, "fields": {"user": 5, "email": "test3@example.com", "verified": true, "primary": true}}, {"model": "socialaccount.socialapp", "pk": 1, "fields": {"provider": "google", "provider_id": "", "name": "Google", "client_id": "asd.apps.googleusercontent.com", "secret": "", "key": "", "settings": {}, "sites": [1]}}, {"model": "axes.accesslog", "pk": 1, "fields": {"user_agent": "Mozilla/5.0 (X11; Linux x86_64; rv:102.0) Gecko/20100101 Firefox/102.0", "ip_address": "172.21.0.1", "username": "admin", "http_accept": "text/html,application/xhtml+xml,application/xml;q=0.9,image/avif,image/webp,*/*;q=0.8", "path_info": "/admin/login/", "attempt_time": "2023-09-06T07:38:23.061Z", "logout_time": "2023-11-28T15:22:16.678Z"}}, {"model": "axes.accesslog", "pk": 2, "fields": {"user_agent": "Mozilla/5.0 (X11; Linux x86_64; rv:102.0) Gecko/20100101 Firefox/102.0", "ip_address": "172.21.0.1", "username": "admin", "http_accept": "text/html,application/xhtml+xml,application/xml;q=0.9,image/avif,image/webp,*/*;q=0.8", "path_info": "/admin/login/", "attempt_time": "2023-11-28T15:13:24.149Z", "logout_time": "2023-11-28T15:22:16.678Z"}}, {"model": "axes.accesslog", "pk": 3, "fields": {"user_agent": "Mozilla/5.0 (X11; Linux x86_64; rv:102.0) Gecko/20100101 Firefox/102.0", "ip_address": "172.21.0.1", "username": "transversal", "http_accept": "text/html,application/xhtml+xml,application/xml;q=0.9,image/avif,image/webp,*/*;q=0.8", "path_info": "/accounts/login/", "attempt_time": "2023-11-28T15:22:47.033Z", "logout_time": "2023-11-28T15:38:36.146Z"}}, {"model": "axes.accesslog", "pk": 4, "fields": {"user_agent": "Mozilla/5.0 (X11; Linux x86_64; rv:102.0) Gecko/20100101 Firefox/102.0", "ip_address": "172.21.0.1", "username": "admin", "http_accept": "text/html,application/xhtml+xml,application/xml;q=0.9,image/avif,image/webp,*/*;q=0.8", "path_info": "/admin/login/", "attempt_time": "2023-11-28T15:28:31.454Z", "logout_time": "2023-11-28T15:33:40.197Z"}}, {"model": "axes.accesslog", "pk": 5, "fields": {"user_agent": "Mozilla/5.0 (X11; Linux x86_64; rv:102.0) Gecko/20100101 Firefox/102.0", "ip_address": "172.21.0.1", "username": "test", "http_accept": "text/html,application/xhtml+xml,application/xml;q=0.9,image/avif,image/webp,*/*;q=0.8", "path_info": "/accounts/login/", "attempt_time": "2023-11-28T15:32:21.512Z", "logout_time": "2023-11-28T15:35:49.307Z"}}, {"model": "axes.accesslog", "pk": 6, "fields": {"user_agent": "Mozilla/5.0 (X11; Linux x86_64; rv:102.0) Gecko/20100101 Firefox/102.0", "ip_address": "172.21.0.1", "username": "transversal", "http_accept": "text/html,application/xhtml+xml,application/xml;q=0.9,image/avif,image/webp,*/*;q=0.8", "path_info": "/accounts/login/", "attempt_time": "2023-11-28T15:33:50.932Z", "logout_time": "2023-11-28T15:38:36.146Z"}}, {"model": "axes.accesslog", "pk": 7, "fields": {"user_agent": "Mozilla/5.0 (X11; Linux x86_64; rv:102.0) Gecko/20100101 Firefox/102.0", "ip_address": "172.21.0.1", "username": "admin", "http_accept": "text/html,application/xhtml+xml,application/xml;q=0.9,image/avif,image/webp,*/*;q=0.8", "path_info": "/admin/login/", "attempt_time": "2023-11-28T15:35:30.564Z", "logout_time": "2023-11-28T15:38:21.631Z"}}, {"model": "axes.accesslog", "pk": 8, "fields": {"user_agent": "Mozilla/5.0 (X11; Linux x86_64; rv:102.0) Gecko/20100101 Firefox/102.0", "ip_address": "172.21.0.1", "username": "test2", "http_accept": "text/html,application/xhtml+xml,application/xml;q=0.9,image/avif,image/webp,*/*;q=0.8", "path_info": "/accounts/login/", "attempt_time": "2023-11-28T15:35:58.999Z", "logout_time": "2023-11-28T15:36:41.993Z"}}, {"model": "axes.accesslog", "pk": 9, "fields": {"user_agent": "Mozilla/5.0 (X11; Linux x86_64; rv:102.0) Gecko/20100101 Firefox/102.0", "ip_address": "172.21.0.1", "username": "test3", "http_accept": "text/html,application/xhtml+xml,application/xml;q=0.9,image/avif,image/webp,*/*;q=0.8", "path_info": "/accounts/login/", "attempt_time": "2023-11-28T15:37:16.140Z", "logout_time": null}}, {"model": "axes.accesslog", "pk": 10, "fields": {"user_agent": "Mozilla/5.0 (X11; Linux x86_64; rv:102.0) Gecko/20100101 Firefox/102.0", "ip_address": "172.21.0.1", "username": "transversal", "http_accept": "text/html,application/xhtml+xml,application/xml;q=0.9,image/avif,image/webp,*/*;q=0.8", "path_info": "/accounts/login/", "attempt_time": "2023-11-28T15:38:32.332Z", "logout_time": "2023-11-28T15:38:36.146Z"}}, {"model": "axes.accesslog", "pk": 11, "fields": {"user_agent": "Mozilla/5.0 (X11; Linux x86_64; rv:102.0) Gecko/20100101 Firefox/102.0", "ip_address": "172.21.0.1", "username": "transversal", "http_accept": "text/html,application/xhtml+xml,application/xml;q=0.9,image/avif,image/webp,*/*;q=0.8", "path_info": "/accounts/login/", "attempt_time": "2023-11-28T15:39:13.188Z", "logout_time": null}}, {"model": "femlliga.customuser", "pk": 1, "fields": {"password": "pbkdf2_sha256$600000$q6fM03qsM43BTFw0fplTfh$7/R09s0Gk8+yn0R5qLRuqAEI9kBPgT160o2LMn59DN0=", "last_login": "2023-11-28T15:35:30.560Z", "is_superuser": true, "username": "admin", "first_name": "", "last_name": "", "email": "admin@example.com", "is_staff": true, "is_active": true, "date_joined": "2022-02-21T15:52:21.795Z", "notifications_frequency": "WEEKLY", "accept_communications_automatically": true, "last_notification_date": "2022-04-11T08:29:05.011Z", "groups": [], "user_permissions": []}}, {"model": "femlliga.customuser", "pk": 2, "fields": {"password": "pbkdf2_sha256$600000$rSlWk8bxfLnOJQjb1JDeY1$V2YJMZ0opgWVEMuONIq+oY17vG13dUckJVWpVOyLPDU=", "last_login": "2023-11-28T15:32:21.509Z", "is_superuser": false, "username": "test", "first_name": "", "last_name": "", "email": "test@example.com", "is_staff": false, "is_active": true, "date_joined": "2022-02-21T16:00:54.315Z", "notifications_frequency": "WEEKLY", "accept_communications_automatically": true, "last_notification_date": "2022-04-11T08:29:05.011Z", "groups": [], "user_permissions": []}}, {"model": "femlliga.customuser", "pk": 3, "fields": {"password": "pbkdf2_sha256$600000$2AEJIhPmAWX55f2m6TiJJt$7jYlTFl+kERd4RhLCB2p1Nz4Z58hp+5I9OIahJjA8rE=", "last_login": "2023-11-28T15:35:58.995Z", "is_superuser": false, "username": "test2", "first_name": "", "last_name": "", "email": "test2@example.com", "is_staff": false, "is_active": true, "date_joined": "2022-02-21T16:02:40.461Z", "notifications_frequency": "WEEKLY", "accept_communications_automatically": true, "last_notification_date": "2022-04-11T08:29:05.011Z", "groups": [], "user_permissions": []}}, {"model": "femlliga.customuser", "pk": 4, "fields": {"password": "pbkdf2_sha256$600000$nMCu3F3vKux9jHP4GHpx31$t1BGcUXUCAClDhFCS1V8X1AXCAU7VSSbOMXdeqHpMZE=", "last_login": "2023-11-28T15:39:13.184Z", "is_superuser": false, "username": "transversal", "first_name": "", "last_name": "", "email": "transversal@example.com", "is_staff": false, "is_active": true, "date_joined": "2023-11-28T15:22:31.503Z", "notifications_frequency": "WEEKLY", "accept_communications_automatically": true, "last_notification_date": "2023-11-28T15:22:31.823Z", "groups": [], "user_permissions": []}}, {"model": "femlliga.customuser", "pk": 5, "fields": {"password": "pbkdf2_sha256$600000$AhPqPRZH32boLUK5fCDjan$ToDTtNWBdL81iF8KvXBuQdxp6XNgq1MqO16uxg43wag=", "last_login": "2023-11-28T15:37:16.136Z", "is_superuser": false, "username": "test3", "first_name": "", "last_name": "", "email": "test3@example.com", "is_staff": false, "is_active": true, "date_joined": "2023-11-28T15:36:54.265Z", "notifications_frequency": "WEEKLY", "accept_communications_automatically": true, "last_notification_date": "2023-11-28T15:36:54.612Z", "groups": [], "user_permissions": []}}, {"model": "femlliga.page", "pk": "faq", "fields": {"heading": "", "subheading": "", "content": "<h1>Què és Fem lliga?</h1>\r\n\r\n<p>Fem lliga és una és una xarxa on les organitzacions intercanviem recursos, habilitats, serveis o coneixements. Es tracta d’una ferramenta que posa en contacte organitzacions segons les necessitats que tenen i el que poden oferir.</p>", "image": ""}}, {"model": "femlliga.page", "pk": "legal", "fields": {"heading": "", "subheading": "", "content": "<p>Cal definir aquesta pàgina</p>", "image": ""}}, {"model": "femlliga.organizationscope", "pk": "ACCESSIBILITY", "fields": {}}, {"model": "femlliga.organizationscope", "pk": "COOPERATION", "fields": {}}, {"model": "femlliga.organizationscope", "pk": "CULTURE", "fields": {}}, {"model": "femlliga.organizationscope", "pk": "DESIGN", "fields": {}}, {"model": "femlliga.organizationscope", "pk": "EDUCATION", "fields": {}}, {"model": "femlliga.organizationscope", "pk": "ENVIRONMENT", "fields": {}}, {"model": "femlliga.organizationscope", "pk": "EQUALITY", "fields": {}}, {"model": "femlliga.organizationscope", "pk": "FINANCE", "fields": {}}, {"model": "femlliga.organizationscope", "pk": "FOOD", "fields": {}}, {"model": "femlliga.organizationscope", "pk": "FUNCTIONAL_DIVERSITY", "fields": {}}, {"model": "femlliga.organizationscope", "pk": "HEALTH", "fields": {}}, {"model": "femlliga.organizationscope", "pk": "HOUSING", "fields": {}}, {"model": "femlliga.organizationscope", "pk": "LOGISTICS", "fields": {}}, {"model": "femlliga.organizationscope", "pk": "NEIGHBORHOOD", "fields": {}}, {"model": "femlliga.organizationscope", "pk": "OLDER_PEOPLE", "fields": {}}, {"model": "femlliga.organizationscope", "pk": "OTHER", "fields": {}}, {"model": "femlliga.organizationscope", "pk": "PARTICIPATION", "fields": {}}, {"model": "femlliga.organizationscope", "pk": "PRODUCTION", "fields": {}}, {"model": "femlliga.organizationscope", "pk": "RELIGIOUS", "fields": {}}, {"model": "femlliga.organizationscope", "pk": "SOCIAL_ASSISTANCE", "fields": {}}, {"model": "femlliga.organizationscope", "pk": "SPORTS", "fields": {}}, {"model": "femlliga.organizationscope", "pk": "TECHNOLOGY", "fields": {}}, {"model": "femlliga.organizationscope", "pk": "TEXTILE", "fields": {}}, {"model": "femlliga.organizationscope", "pk": "TRADE", "fields": {}}, {"model": "femlliga.organizationscope", "pk": "TRADITIONS", "fields": {}}, {"model": "femlliga.organizationscope", "pk": "TRAINING", "fields": {}}, {"model": "femlliga.organizationscope", "pk": "YOUTH", "fields": {}}, {"model": "femlliga.organization", "pk": "7b541607-b5ca-478d-b248-7b0c5a84386e", "fields": {"name": "Asociación de Mujeres Santa Rita", "logo": "", "description": "", "date": "2023-11-28T15:37:33.070Z", "org_type": "ASSOCIATION", "resources_set": true, "lat": "39.989763600", "lng": "-0.040640800", "address": null, "city": "Castelló de la Plana", "creator": 5, "scopes": ["EQUALITY"]}}, {"model": "femlliga.organization", "pk": "9bfa987c-b3f0-4090-adcc-867e92261005", "fields": {"name": "AAVV La Frontera", "logo": "", "description": "", "date": "2022-02-21T16:03:10.357Z", "org_type": "COOPERATIVE", "resources_set": true, "lat": "39.985702800", "lng": "-0.034396600", "address": null, "city": "Castelló de la Plana", "creator": 3, "scopes": ["EDUCATION"]}}, {"model": "femlliga.organization", "pk": "b4b042fd-3ceb-4426-a748-334b3bad0f1d", "fields": {"name": "Castelló en patinet", "logo": "", "description": "", "date": "2022-02-21T16:01:36.330Z", "org_type": "ASSOCIATION", "resources_set": true, "lat": "39.987511300", "lng": "-0.045125400", "address": null, "city": "Castelló de la Plana", "creator": 2, "scopes": ["EQUALITY"]}}, {"model": "femlliga.organization", "pk": "c42d0d3b-efe6-4ead-b6d9-f5d024f30e45", "fields": {"name": "Transversal Coop. V.", "logo": "images/logos/58ccfe9d-ff89-47d3-bae5-126c76654f20.png", "description": "", "date": "2023-11-28T15:18:16.871Z", "org_type": "NONPROFIT_COOPERATIVE", "resources_set": false, "lat": "39.987753800", "lng": "-0.050307500", "address": null, "city": "Castelló de la Plana", "creator": 4, "scopes": ["COOPERATION", "DESIGN", "EQUALITY", "PARTICIPATION", "TRAINING"]}}, {"model": "femlliga.socialmedia", "pk": 1, "fields": {"organization": "c42d0d3b-efe6-4ead-b6d9-f5d024f30e45", "media_type": "EMAIL", "value": "info@transversalcoop.org"}}, {"model": "femlliga.socialmedia", "pk": 2, "fields": {"organization": "c42d0d3b-efe6-4ead-b6d9-f5d024f30e45", "media_type": "WEBSITE", "value": "transversalcoop.org"}}, {"model": "femlliga.socialmedia", "pk": 3, "fields": {"organization": "c42d0d3b-efe6-4ead-b6d9-f5d024f30e45", "media_type": "INSTAGRAM", "value": "transversalcoop"}}, {"model": "femlliga.resourceoption", "pk": "AGENCY", "fields": {}}, {"model": "femlliga.resourceoption", "pk": "CAMPING_EQUIPMENT", "fields": {}}, {"model": "femlliga.resourceoption", "pk": "CHAIRS_TABLES", "fields": {}}, {"model": "femlliga.resourceoption", "pk": "COMMUNITY_MANAGER", "fields": {}}, {"model": "femlliga.resourceoption", "pk": "DAILY_USAGE", "fields": {}}, {"model": "femlliga.resourceoption", "pk": "DIGITAL_BUREAUCRACY", "fields": {}}, {"model": "femlliga.resourceoption", "pk": "DISHES", "fields": {}}, {"model": "femlliga.resourceoption", "pk": "INSURANCE", "fields": {}}, {"model": "femlliga.resourceoption", "pk": "KITCHEN_EQUIPMENT", "fields": {}}, {"model": "femlliga.resourceoption", "pk": "PROJECTOR", "fields": {}}, {"model": "femlliga.resourceoption", "pk": "PROJECT_WRITING", "fields": {}}, {"model": "femlliga.resourceoption", "pk": "PUNCTUAL_EVENTS", "fields": {}}, {"model": "femlliga.resourceoption", "pk": "PUNCTUAL_MEETINGS", "fields": {}}, {"model": "femlliga.resourceoption", "pk": "PUNCTUAL_USAGE", "fields": {}}, {"model": "femlliga.resourceoption", "pk": "SOUND_SYSTEM_ACOUSTIC", "fields": {}}, {"model": "femlliga.resourceoption", "pk": "SOUND_SYSTEM_CONCERT", "fields": {}}, {"model": "femlliga.resourceoption", "pk": "STAGE", "fields": {}}, {"model": "femlliga.resourceoption", "pk": "TRAINING_BUREAUCRACY", "fields": {}}, {"model": "femlliga.resourceoption", "pk": "TRAINING_DIGITAL", "fields": {}}, {"model": "femlliga.resourceoption", "pk": "TRAINING_ENERGY_SAVING", "fields": {}}, {"model": "femlliga.resourceoption", "pk": "TRAINING_EQUALITY", "fields": {}}, {"model": "femlliga.resourceoption", "pk": "TRAINING_HISTORICAL_MEMORY", "fields": {}}, {"model": "femlliga.resourceoption", "pk": "VEHICLE", "fields": {}}, {"model": "femlliga.need", "pk": 1, "fields": {"resource": "PLACE", "comments": "", "has_resource": true, "organization": "b4b042fd-3ceb-4426-a748-334b3bad0f1d", "options": ["PUNCTUAL_EVENTS", "PUNCTUAL_MEETINGS"]}}, {"model": "femlliga.need", "pk": 2, "fields": {"resource": "SERVICE", "comments": "", "has_resource": false, "organization": "b4b042fd-3ceb-4426-a748-334b3bad0f1d", "options": []}}, {"model": "femlliga.need", "pk": 3, "fields": {"resource": "TRAINING", "comments": "", "has_resource": false, "organization": "b4b042fd-3ceb-4426-a748-334b3bad0f1d", "options": []}}, {"model": "femlliga.need", "pk": 4, "fields": {"resource": "EQUIPMENT", "comments": "", "has_resource": false, "organization": "b4b042fd-3ceb-4426-a748-334b3bad0f1d", "options": []}}, {"model": "femlliga.need", "pk": 5, "fields": {"resource": "OTHER", "comments": "", "has_resource": false, "organization": "b4b042fd-3ceb-4426-a748-334b3bad0f1d", "options": []}}, {"model": "femlliga.need", "pk": 6, "fields": {"resource": "PLACE", "comments": "Necessitaríem un local en els districtes Nord, Sud i el Grau, ja que el nostre local es troba en el districte Oest.", "has_resource": true, "organization": "c42d0d3b-efe6-4ead-b6d9-f5d024f30e45", "options": ["PUNCTUAL_EVENTS", "PUNCTUAL_MEETINGS"]}}, {"model": "femlliga.need", "pk": 7, "fields": {"resource": "TRAINING", "comments": "Ens agradaria rebre formació també en com accedir a finançament europeu.", "has_resource": true, "organization": "c42d0d3b-efe6-4ead-b6d9-f5d024f30e45", "options": ["TRAINING_BUREAUCRACY"]}}, {"model": "femlliga.need", "pk": 9, "fields": {"resource": "EQUIPMENT", "comments": "", "has_resource": true, "organization": "c42d0d3b-efe6-4ead-b6d9-f5d024f30e45", "options": ["CHAIRS_TABLES", "SOUND_SYSTEM_CONCERT", "VEHICLE"]}}, {"model": "femlliga.need", "pk": 10, "fields": {"resource": "OTHER", "comments": "Necessitem una escala molt alta per a canviar els llums del sostre.", "has_resource": true, "organization": "c42d0d3b-efe6-4ead-b6d9-f5d024f30e45", "options": []}}, {"model": "femlliga.need", "pk": 11, "fields": {"resource": "PLACE", "comments": "", "has_resource": true, "organization": "9bfa987c-b3f0-4090-adcc-867e92261005", "options": ["PUNCTUAL_EVENTS", "PUNCTUAL_MEETINGS"]}}, {"model": "femlliga.need", "pk": 12, "fields": {"resource": "PLACE", "comments": "", "has_resource": true, "organization": "7b541607-b5ca-478d-b248-7b0c5a84386e", "options": ["PUNCTUAL_EVENTS", "PUNCTUAL_MEETINGS"]}}, {"model": "femlliga.need", "pk": 13, "fields": {"resource": "TRAINING", "comments": "", "has_resource": true, "organization": "7b541607-b5ca-478d-b248-7b0c5a84386e", "options": ["TRAINING_BUREAUCRACY"]}}, {"model": "femlliga.need", "pk": 14, "fields": {"resource": "SERVICE", "comments": "", "has_resource": true, "organization": "7b541607-b5ca-478d-b248-7b0c5a84386e", "options": ["PROJECT_WRITING"]}}, {"model": "femlliga.need", "pk": 15, "fields": {"resource": "EQUIPMENT", "comments": "", "has_resource": true, "organization": "7b541607-b5ca-478d-b248-7b0c5a84386e", "options": ["CHAIRS_TABLES", "SOUND_SYSTEM_CONCERT"]}}, {"model": "femlliga.need", "pk": 16, "fields": {"resource": "OTHER", "comments": "", "has_resource": false, "organization": "7b541607-b5ca-478d-b248-7b0c5a84386e", "options": []}}, {"model": "femlliga.offer", "pk": 1, "fields": {"resource": "PLACE", "comments": "", "has_resource": false, "organization": "b4b042fd-3ceb-4426-a748-334b3bad0f1d", "charge": false, "options": []}}, {"model": "femlliga.offer", "pk": 2, "fields": {"resource": "SERVICE", "comments": "", "has_resource": true, "organization": "b4b042fd-3ceb-4426-a748-334b3bad0f1d", "charge": false, "options": ["PROJECT_WRITING"]}}, {"model": "femlliga.offer", "pk": 3, "fields": {"resource": "TRAINING", "comments": "", "has_resource": true, "organization": "b4b042fd-3ceb-4426-a748-334b3bad0f1d", "charge": false, "options": ["TRAINING_BUREAUCRACY"]}}, {"model": "femlliga.offer", "pk": 4, "fields": {"resource": "EQUIPMENT", "comments": "Hem posat material d'acampada, perquè tenim una carpa tipus per a fer ombra.", "has_resource": true, "organization": "b4b042fd-3ceb-4426-a748-334b3bad0f1d", "charge": false, "options": ["KITCHEN_EQUIPMENT", "SOUND_SYSTEM_ACOUSTIC", "VEHICLE"]}}, {"model": "femlliga.offer", "pk": 5, "fields": {"resource": "OTHER", "comments": "", "has_resource": false, "organization": "b4b042fd-3ceb-4426-a748-334b3bad0f1d", "charge": false, "options": []}}, {"model": "femlliga.offer", "pk": 6, "fields": {"resource": "SERVICE", "comments": "", "has_resource": true, "organization": "9bfa987c-b3f0-4090-adcc-867e92261005", "charge": false, "options": ["COMMUNITY_MANAGER"]}}, {"model": "femlliga.offer", "pk": 7, "fields": {"resource": "PLACE", "comments": "", "has_resource": true, "organization": "9bfa987c-b3f0-4090-adcc-867e92261005", "charge": false, "options": ["DAILY_USAGE", "PUNCTUAL_USAGE"]}}, {"model": "femlliga.offer", "pk": 8, "fields": {"resource": "PLACE", "comments": "Oferim el nostre local per a qualsevol tipus d'actes, jornades, reunions o altres en horari de vesprada. El local compta amb 9 taules i 14 cadires que es podrien utilitzar.", "has_resource": true, "organization": "c42d0d3b-efe6-4ead-b6d9-f5d024f30e45", "charge": false, "options": ["PUNCTUAL_EVENTS"]}}, {"model": "femlliga.offer", "pk": 10, "fields": {"resource": "SERVICE", "comments": "", "has_resource": true, "organization": "c42d0d3b-efe6-4ead-b6d9-f5d024f30e45", "charge": true, "options": ["DIGITAL_BUREAUCRACY"]}}, {"model": "femlliga.offer", "pk": 11, "fields": {"resource": "EQUIPMENT", "comments": "", "has_resource": true, "organization": "c42d0d3b-efe6-4ead-b6d9-f5d024f30e45", "charge": false, "options": ["CHAIRS_TABLES", "DISHES", "VEHICLE"]}}, {"model": "femlliga.offer", "pk": 12, "fields": {"resource": "OTHER", "comments": "", "has_resource": false, "organization": "c42d0d3b-efe6-4ead-b6d9-f5d024f30e45", "charge": false, "options": []}}, {"model": "femlliga.offer", "pk": 13, "fields": {"resource": "EQUIPMENT", "comments": "", "has_resource": true, "organization": "9bfa987c-b3f0-4090-adcc-867e92261005", "charge": false, "options": ["CHAIRS_TABLES", "DISHES", "KITCHEN_EQUIPMENT", "PROJECTOR", "SOUND_SYSTEM_ACOUSTIC"]}}, {"model": "femlliga.offer", "pk": 14, "fields": {"resource": "PLACE", "comments": "", "has_resource": true, "organization": "7b541607-b5ca-478d-b248-7b0c5a84386e", "charge": false, "options": ["PUNCTUAL_EVENTS", "PUNCTUAL_MEETINGS"]}}, {"model": "femlliga.offer", "pk": 15, "fields": {"resource": "TRAINING", "comments": "", "has_resource": false, "organization": "7b541607-b5ca-478d-b248-7b0c5a84386e", "charge": false, "options": []}}, {"model": "femlliga.offer", "pk": 16, "fields": {"resource": "SERVICE", "comments": "", "has_resource": false, "organization": "7b541607-b5ca-478d-b248-7b0c5a84386e", "charge": false, "options": []}}, {"model": "femlliga.offer", "pk": 17, "fields": {"resource": "EQUIPMENT", "comments": "", "has_resource": true, "organization": "7b541607-b5ca-478d-b248-7b0c5a84386e", "charge": false, "options": ["VEHICLE"]}}, {"model": "femlliga.offer", "pk": 18, "fields": {"resource": "OTHER", "comments": "", "has_resource": false, "organization": "7b541607-b5ca-478d-b248-7b0c5a84386e", "charge": false, "options": []}}, {"model": "femlliga.offerimage", "pk": 1, "fields": {"resource": 8, "image": "images/offers/2a5b9162-8c25-4960-a65c-4524159fb0d3.png"}}]